{
	"MissionInputs" : {
		"R" : 1.33714e+06,
		"loiter_time" : 2700,
		"pax" : 6
		},
	"PerformanceInputs" : {
		"TW" : 1.2,
		"WS" : 292.946,
		"V" : 206.549,
		"Vlt" : 152.275,
		"nmax" : 1.5,
		"hc" : 11582.4,
		"hlt" : 8839.2,
		"cruiseSpeedOfSound" : 295.063,
		"M" : 0.700018
		},
	"GeometryInputs" : {
		"AR" : 8.91,
		"WingSweep" : 9.519,
		"HtSweep" : 21,
		"VtSweep" : 45,
		"thick2chord" : 0.12,
		"t2c_ht" : 0.14,
		"t2c_vt" : 0.06,
		"TR" : 0.33,
		"FinessRatio" : 6.91,
		"AR_ht" : 6.4,
		"AR_vt" : 1.3,
		"TR_ht" : 0.5,
		"TR_vt" : 0.9346,
		"k" : 6.33984e-06,
		"A_max" : 2.85023,
		"Q_fuse" : 1.4,
		"Q_wing" : 1.2,
		"Q_nacel" : 1.2,
		"Q_ht" : 1.05,
		"Q_vt" : 1.05,
		"upsweep" : 0.0872665,
		"L_nacel" : 3.3,
		"D_nacel" : 1.3
		},
	"PayloadInputs" : {
		"crewnum" : 2,
		"paxweight" : 122.47,
		"crewweight" : 122.47,
		"w_payload" : 979.759
		},
	"PropulsionInputs" : {
		"num_eng" : 2,
		"SFCc" : 0.000194444,
		"SFCl" : 0.000125
		},
	"AeroInputs" : {
		"Clmax" : 2.1
		},
	"Sizing" : {
		"Thrust" : 4981.53,
		"TOGW_temp" : 4151.27,
		"W0" : 4151.27
		},
	"LayoutOutput" : {
		"df" : 1.8288,
		"lf" : 12.637,
		"crew" : 2,
		"pilots" : 2,
		"flcrew" : 0
		},
	"GeometryOutput" : {
		"b" : 11.2366,
		"MAC" : 1.36781,
		"Sv" : 2.52009,
		"Sh" : 3.40849,
		"Sw" : 14.1708,
		"Swetfus" : 69.93,
		"Sweteng" : 32.7605,
		"Swetwing" : 28.8999,
		"Sweth" : 6.95332,
		"Swetv" : 5.14098,
		"Swetn" : 13.4774,
		"Swet" : 157.162,
		"b_ht" : 4.67058,
		"b_vt" : 1.81,
		"MC_ht" : 0.756807,
		"MC_vt" : 1.39284
		},
	"Aero" : {
		"V" : 152.275,
		"h" : 8839.2,
		"cruise" : {
			"Cdo" : {
				"Cdo" : 0.0405029,
				"Cd_fuse" : 0.0179825,
				"Cd_wing" : 0.0118621,
				"Cd_ht" : 0.00283961,
				"Cd_vt" : 0.00149164,
				"Cd_nacel" : 0.00346482,
				"Cd_misc" : 0.00286224
				},
			"e0" : 0.584356
			},
		"loiter" : {
			"Cdo" : {
				"Cdo" : 0.0387405,
				"Cd_fuse" : 0.0172599,
				"Cd_wing" : 0.0112523,
				"Cd_ht" : 0.00268843,
				"Cd_vt" : 0.00141504,
				"Cd_nacel" : 0.00331398,
				"Cd_misc" : 0.00281091
				},
			"e0" : 0.584356
			}
		},
	"EmptyWeight" : {
		"fe" : 0.555321,
		"We" : 2305.29
		},
	"TOGW" : 4151.27,
	"Wfuel" : 959.398,
	"Thrust" : 4981.53
	}
