{
	"MissionInputs" : {
		"R" : 1.33714e+06,
		"loiter_time" : 2700,
		"pax" : 6
		},
	"PerformanceInputs" : {
		"TW" : 1.2,
		"WS" : 292.946,
<<<<<<< HEAD
		"V" : 206.549,
=======
		"V" : 206.5,
>>>>>>> main
		"Vlt" : 152.275,
		"nmax" : 1.5,
		"hc" : 11582.4,
		"hlt" : 8839.2,
		"cruiseSpeedOfSound" : 295.063,
<<<<<<< HEAD
		"M" : 0.700018
		},
	"GeometryInputs" : {
=======
		"M" : 0.699851
		},
	"GeometryInputs" : {
		"df" : 2,
>>>>>>> main
		"AR" : 8.989,
		"WingSweep" : 9.519,
		"HtSweep" : 21.34,
		"VtSweep" : 45,
		"thick2chord" : 0.12,
		"t2c_ht" : 0.14,
		"t2c_vt" : 0.1,
		"TR" : 0.33,
		"FinessRatio" : 7,
<<<<<<< HEAD
=======
		"Swetfus" : 69.93,
>>>>>>> main
		"AR_ht" : 6.4,
		"AR_vt" : 0.909,
		"TR_ht" : 0.5,
		"TR_vt" : 0.9346,
		"k" : 6.33984e-06,
		"A_max" : 2.62677,
		"Q_fuse" : 1,
		"Q_wing" : 1,
		"Q_nacel" : 1.3,
		"Q_ht" : 1.05,
		"Q_vt" : 1.05,
<<<<<<< HEAD
		"upsweep" : 0.0872665,
=======
		"upsweep" : 5,
>>>>>>> main
		"L_nacel" : 3.3,
		"D_nacel" : 1.3
		},
	"PayloadInputs" : {
		"crewnum" : 2,
		"paxweight" : 122.47,
<<<<<<< HEAD
		"crewweight" : 122.47,
		"w_payload" : 979.759
		},
	"PropulsionInputs" : {
		"num_eng" : 2,
		"SFCc" : 0.000194444,
		"SFCl" : 0.000125
=======
		"crewweight" : 108.862,
		"w_payload" : 952.543
		},
	"PropulsionInputs" : {
		"num_eng" : 2,
		"SFCc" : 0.000111111,
		"SFCl" : 0.000111111
>>>>>>> main
		},
	"AeroInputs" : {
		"Clmax" : 2.1
		},
	"Sizing" : {
<<<<<<< HEAD
		"Thrust" : 7770.18,
		"TOGW_temp" : 6475.15,
		"W0" : 6475.15
		},
	"LayoutOutput" : {
		"df" : 1.8288,
		"lf" : 12.8016,
		"crew" : 2,
=======
		"Thrust" : 4054.77,
		"TOGW_temp" : 3378.98,
		"W0" : 3378.98
		},
	"LayoutOutput" : {
		"df" : 2,
		"lf" : 14,
		"crew" : 10,
>>>>>>> main
		"pilots" : 2,
		"flcrew" : 0
		},
	"GeometryOutput" : {
<<<<<<< HEAD
		"b" : 14.0957,
		"MAC" : 1.70075,
		"Sv" : 4.86761,
		"Sh" : 6.52571,
		"Sw" : 22.1036,
		"Swetfus" : 69.93,
		"Sweteng" : 21.9578,
		"Swetwing" : 45.0781,
		"Sweth" : 13.3124,
		"Swetv" : 9.92992,
		"Swetn" : 13.4774,
		"Swet" : 173.686,
		"b_ht" : 6.46255,
		"b_vt" : 2.10349,
		"MC_ht" : 1.04717,
		"MC_vt" : 2.31495
=======
		"b" : 10.1825,
		"MAC" : 1.2286,
		"Sv" : 1.67786,
		"Sh" : 2.2494,
		"Sw" : 11.5345,
		"Swetfus" : 69.93,
		"Sweteng" : 1429.25,
		"Swetwing" : 23.5234,
		"Sweth" : 4.58878,
		"Swetv" : 3.42283,
		"Swetn" : 13.4774,
		"Swet" : 1544.2,
		"b_ht" : 3.79423,
		"b_vt" : 1.23498,
		"MC_ht" : 0.614806,
		"MC_vt" : 1.35913,
		"Swetfus_chk" : 71.7238,
		"Wt" : 3378.98
>>>>>>> main
		},
	"Aero" : {
		"V" : 152.275,
		"h" : 8839.2,
		"cruise" : {
			"Cdo" : {
<<<<<<< HEAD
				"Cdo" : 0.0270464,
				"Cd_fuse" : 0.00818457,
				"Cd_wing" : 0.00953998,
				"Cd_ht" : 0.00329731,
				"Cd_vt" : 0.00183626,
				"Cd_nacel" : 0.00240643,
				"Cd_misc" : 0.00178188
=======
				"Cdo" : 0.0458021,
				"Cd_fuse" : 0.0216789,
				"Cd_wing" : 0.0120741,
				"Cd_ht" : 0.00238451,
				"Cd_vt" : 0.00132196,
				"Cd_nacel" : 0.00494153,
				"Cd_misc" : 0.00340114,
				"Re_fuse" : 6.78769e+07,
				"Re_wing" : 5.95667e+06,
				"Re_ht" : 2.98079e+06,
				"Re_vt" : 6.58954e+06,
				"Re_nacel" : 6.30285e+06,
				"FF_fuse" : 1.18747,
				"Re_fuse_old" : 6.78769e+07
>>>>>>> main
				},
			"e0" : 0.57884
			},
		"loiter" : {
			"Cdo" : {
<<<<<<< HEAD
				"Cdo" : 0.0258294,
				"Cd_fuse" : 0.00785594,
				"Cd_wing" : 0.00905561,
				"Cd_ht" : 0.00312512,
				"Cd_vt" : 0.00174464,
				"Cd_nacel" : 0.00230167,
				"Cd_misc" : 0.00174643
=======
				"Cdo" : 0.0438292,
				"Cd_fuse" : 0.0208129,
				"Cd_wing" : 0.0114494,
				"Cd_ht" : 0.00225594,
				"Cd_vt" : 0.00125397,
				"Cd_nacel" : 0.00471329,
				"Cd_misc" : 0.00334368,
				"Re_fuse" : 9.2155e+07,
				"Re_wing" : 8.08724e+06,
				"Re_ht" : 4.04696e+06,
				"Re_vt" : 8.94648e+06,
				"Re_nacel" : 8.55725e+06,
				"FF_fuse" : 1.18747,
				"Re_fuse_old" : 9.2155e+07
>>>>>>> main
				},
			"e0" : 0.57884
			}
		},
	"EmptyWeight" : {
<<<<<<< HEAD
		"fe" : 0.665246,
		"We" : 4307.57
		},
	"TOGW" : 6475.15,
	"Wfuel" : 1187.82,
	"Thrust" : 7770.18
=======
		"fe" : 0.54044,
		"We" : 1826.13
		},
	"TOGW" : 3378.98,
	"Wfuel" : 600.301,
	"Thrust" : 4054.77
>>>>>>> main
	}
