{
	"MissionInputs" : {
		"R" : 1.33714e+06,
		"loiter_time" : 2700,
		"pax" : 6
		},
	"PerformanceInputs" : {
		"TW" : 1.2,
		"WS" : 292.946,
		"V" : 206.549,
		"Vlt" : 152.275,
		"nmax" : 1.5,
		"hc" : 11582.4,
		"hlt" : 8839.2,
		"cruiseSpeedOfSound" : 295.063,
		"M" : 0.700018
		},
	"GeometryInputs" : {
		"AR" : 8.989,
		"WingSweep" : 9.519,
		"HtSweep" : 21.34,
		"VtSweep" : 45,
		"thick2chord" : 0.12,
		"t2c_ht" : 0.14,
		"t2c_vt" : 0.1,
		"TR" : 0.33,
		"FinessRatio" : 7,
		"AR_ht" : 6.4,
		"AR_vt" : 0.909,
		"TR_ht" : 0.5,
		"TR_vt" : 0.9346,
		"k" : 6.33984e-06,
		"A_max" : 2.62677,
		"Q_fuse" : 1,
		"Q_wing" : 1,
		"Q_nacel" : 1.3,
		"Q_ht" : 1.05,
		"Q_vt" : 1.05,
		"upsweep" : 0.0872665,
		"L_nacel" : 3.3,
		"D_nacel" : 1.3
		},
	"PayloadInputs" : {
		"crewnum" : 2,
		"paxweight" : 122.47,
		"crewweight" : 122.47,
		"w_payload" : 979.759
		},
	"PropulsionInputs" : {
		"num_eng" : 2,
		"SFCc" : 0.000194444,
		"SFCl" : 0.000125
		},
	"AeroInputs" : {
		"Clmax" : 2.1
		},
	"Sizing" : {
		"Thrust" : 7770.18,
		"TOGW_temp" : 6475.15,
		"W0" : 6475.15
		},
	"LayoutOutput" : {
		"df" : 1.8288,
		"lf" : 12.8016,
		"crew" : 2,
		"pilots" : 2,
		"flcrew" : 0
		},
	"GeometryOutput" : {
		"b" : 14.0957,
		"MAC" : 1.70075,
		"Sv" : 4.86761,
		"Sh" : 6.52571,
		"Sw" : 22.1036,
		"Swetfus" : 69.93,
		"Sweteng" : 21.9578,
		"Swetwing" : 45.0781,
		"Sweth" : 13.3124,
		"Swetv" : 9.92992,
		"Swetn" : 13.4774,
		"Swet" : 173.686,
		"b_ht" : 6.46255,
		"b_vt" : 2.10349,
		"MC_ht" : 1.04717,
		"MC_vt" : 2.31495
		},
	"Aero" : {
		"V" : 152.275,
		"h" : 8839.2,
		"cruise" : {
			"Cdo" : {
				"Cdo" : 0.0270464,
				"Cd_fuse" : 0.00818457,
				"Cd_wing" : 0.00953998,
				"Cd_ht" : 0.00329731,
				"Cd_vt" : 0.00183626,
				"Cd_nacel" : 0.00240643,
				"Cd_misc" : 0.00178188
				},
			"e0" : 0.57884
			},
		"loiter" : {
			"Cdo" : {
				"Cdo" : 0.0258294,
				"Cd_fuse" : 0.00785594,
				"Cd_wing" : 0.00905561,
				"Cd_ht" : 0.00312512,
				"Cd_vt" : 0.00174464,
				"Cd_nacel" : 0.00230167,
				"Cd_misc" : 0.00174643
				},
			"e0" : 0.57884
			}
		},
	"EmptyWeight" : {
		"fe" : 0.665246,
		"We" : 4307.57
		},
	"TOGW" : 6475.15,
	"Wfuel" : 1187.82,
	"Thrust" : 7770.18
	}
