{
	"MissionInputs" : {
		"R" : 1.74458e+07,
		"loiter_time" : 1800,
		"pax" : 301
		},
	"PerformanceInputs" : {
		"TW" : 0.28,
		"WS" : 693.305,
		"V" : 246.933,
		"Vlt" : 102.889,
		"nmax" : 3,
		"hc" : 11582.4,
		"hlt" : 1524,
		"cruiseSpeedOfSound" : 295.063,
		"M" : 0.836883
		},
	"GeometryInputs" : {
		"AR" : 8.7,
		"WingSweep" : 31.6,
		"HtSweep" : 35,
		"VtSweep" : 40,
		"thick2chord" : 0.12,
		"t2c_ht" : 0.1,
		"t2c_vt" : 0.1,
		"TR" : 0.3,
		"FinessRatio" : 11,
		"AR_ht" : 6.4,
		"AR_vt" : 1.3,
		"TR_ht" : 0.33,
		"TR_vt" : 0.57,
		"k" : 6.33984e-06,
		"A_max" : 2.85023,
		"Q_fuse" : 1.4,
		"Q_wing" : 1.2,
		"Q_nacel" : 1.2,
		"Q_ht" : 1.05,
		"Q_vt" : 1.05,
		"upsweep" : 5,
		"L_nacel" : 4,
		"D_nacel" : 1
		},
	"PayloadInputs" : {
		"crewnum" : 4,
		"paxweight" : 104.326,
		"crewweight" : 90.7184,
		"w_payload" : 31765
		},
	"PropulsionInputs" : {
		"num_eng" : 2,
		"SFCc" : 0.000138889,
		"SFCl" : 0.000111111
		},
	"AeroInputs" : {
		"Clmax" : 1.6
		},
	"Sizing" : {
		"Thrust" : 45210.9,
		"TOGW_temp" : 161468,
		"W0" : 161468
		},
	"LayoutOutput" : {
		"df" : 6.096,
		"lf" : 67.056,
		"crew" : 10,
		"pilots" : 2,
		"flcrew" : 8
		},
	"GeometryOutput" : {
		"b" : 45.0132,
		"MAC" : 5.67398,
		"Sv" : 31.2675,
		"Sh" : 43.7924,
		"Sw" : 232.895,
		"Swetfus" : 1132.68,
		"Sweteng" : 163.14,
		"Swetwing" : 474.967,
		"Sweth" : 89.3365,
		"Swetv" : 63.7858,
		"Swetn" : 12.5664,
		"Swet" : 1936.47,
		"b_ht" : 16.7413,
		"b_vt" : 6.37556,
		"MC_ht" : 2.8371,
		"MC_vt" : 5.02691
		},
	"EmptyWeight" : {
		"fe" : 0.368718,
		"We" : 59536
		},
	"TOGW" : 161468,
	"Wfuel" : 70166.4,
	"Thrust" : 45210.9
	}
