{
	"Wfuel" : 1106.96,
	"inputs" : {
		"MissionInputs" : {
			"R" : 1.33714e+06,
			"loiter_time" : 2700,
			"pax" : 6
			},
		"PerformanceInputs" : {
			"TW" : 1.2,
			"WS" : 292.946,
			"V" : 206.5,
			"Vlt" : 152.275,
			"nmax" : 1.5,
			"hc" : 11582.4,
			"hlt" : 8839.2,
			"cruiseSpeedOfSound" : 295.063,
			"M" : 0.699851
			},
		"GeometryInputs" : {
			"df" : 2,
			"AR" : 8.989,
			"WingSweep" : 9.519,
			"HtSweep" : 21.34,
			"VtSweep" : 45,
			"thick2chord" : 0.12,
			"t2c_ht" : 0.14,
			"t2c_vt" : 0.1,
			"TR" : 0.33,
			"FinessRatio" : 7,
			"AR_ht" : 6.4,
			"Swetfus" : 69.93,
			"AR_vt" : 0.909,
			"TR_ht" : 0.5,
			"TR_vt" : 0.9346,
			"k" : 6.33984e-06,
			"Q_ht" : 1.05,
			"Q_vt" : 1.05,
			"upsweep" : 5,
			"A_max" : 2.62677,
			"Q_fuse" : 1,
			"Q_wing" : 1,
			"Q_nacel" : 1.3,
			"L_nacel" : 3.3,
			"D_nacel" : 1.3
			},
		"PayloadInputs" : {
			"crewnum" : 2,
			"paxweight" : 122.47,
			"crewweight" : 122.47,
			"w_payload" : 979.759
			},
		"PropulsionInputs" : {
			"num_eng" : 2,
			"SFCc" : 0.000194444,
			"SFCl" : 0.000125
			},
		"AeroInputs" : {
			"Clmax" : 2.1
			},
		"Sizing" : {
			"Thrust" : 7561.02,
			"TOGW_temp" : 6300.85,
			"W0" : 6300.85
			},
		"LayoutOutput" : {
			"df" : 2,
			"lf" : 14,
			"crew" : 2,
			"pilots" : 2,
			"flcrew" : 0
			},
		"GeometryOutput" : {
			"b" : 13.9047,
			"MAC" : 1.67771,
			"Sv" : 4.27243,
			"Sh" : 5.7278,
			"Sw" : 21.5086,
			"Swetfus" : 69.93,
			"Sweteng" : 22.5037,
			"Swetwing" : 43.8646,
			"Sweth" : 11.6847,
			"Swetv" : 8.71577,
			"Swetn" : 13.4774,
			"Swet" : 170.176,
			"b_ht" : 6.05458,
			"b_vt" : 1.9707,
			"MC_ht" : 0.981066,
			"MC_vt" : 2.16881,
			"Swetfus_chk" : 71.7238,
			"Wt" : 6300.85
			},
		"Aero" : {
			"V" : 152.275,
			"h" : 8839.2,
			"cruise" : {
				"Cdo" : {
					"Cdo" : 0.0272316,
					"Cd_fuse" : 0.00830417,
					"Cd_wing" : 0.00956125,
					"Cd_ht" : 0.00300691,
					"Cd_vt" : 0.00167364,
					"Cd_nacel" : 0.00287085,
					"Cd_misc" : 0.00181478,
					"Re_fuse" : 6.78769e+07,
					"Re_wing" : 8.13411e+06,
					"Re_ht" : 4.75655e+06,
					"Re_vt" : 1.05151e+07,
					"Re_nacel" : 6.30285e+06,
					"FF_fuse" : 1.18747,
					"Re_fuse_old" : 6.78769e+07
					},
				"e0" : 0.783421
				},
			"loiter" : {
				"Cdo" : {
					"Cdo" : 0.0260042,
					"Cd_fuse" : 0.00797244,
					"Cd_wing" : 0.0090754,
					"Cd_ht" : 0.00284927,
					"Cd_vt" : 0.00158983,
					"Cd_nacel" : 0.00273824,
					"Cd_misc" : 0.00177903,
					"Re_fuse" : 9.2155e+07,
					"Re_wing" : 1.10435e+07,
					"Re_ht" : 6.45787e+06,
					"Re_vt" : 1.42762e+07,
					"Re_nacel" : 8.55725e+06,
					"FF_fuse" : 1.18747,
					"Re_fuse_old" : 9.2155e+07
					},
				"e0" : 0.783421
				}
			}
		},
	"EmptyWeightOutput" : {
		"fe" : 0.668819,
		"We" : 4214.13
		}
	}
