{
	"Wfuel" : 548.881,
	"inputs" : {
		"MissionInputs" : {
			"R" : 1.33714e+06,
			"loiter_time" : 2700,
			"pax" : 6
			},
		"PerformanceInputs" : {
			"TW" : 1.2,
			"WS" : 292.946,
			"V" : 206.549,
			"Vlt" : 152.275,
			"nmax" : 1.5,
			"hc" : 11582.4,
			"hlt" : 8839.2,
			"cruiseSpeedOfSound" : 295.063,
			"M" : 0.700018
			},
		"GeometryInputs" : {
			"AR" : 8.91,
			"WingSweep" : 9.519,
			"HtSweep" : 21,
			"VtSweep" : 45,
			"thick2chord" : 0.12,
			"t2c_ht" : 0.14,
			"t2c_vt" : 0.06,
			"TR" : 0.33,
			"FinessRatio" : 6.91,
			"AR_ht" : 6.4,
			"AR_vt" : 1.3,
			"TR_ht" : 0.5,
			"TR_vt" : 0.9346,
			"k" : 6.33984e-06,
			"A_max" : 2.85023,
			"Q_fuse" : 1.4,
			"Q_wing" : 1.2,
			"Q_nacel" : 1.2,
			"Q_ht" : 1.05,
			"Q_vt" : 1.05,
			"upsweep" : 0.0872665,
			"L_nacel" : 3.3,
			"D_nacel" : 1.3
			},
		"PayloadInputs" : {
			"crewnum" : 2,
			"paxweight" : 122.47,
			"crewweight" : 108.862,
			"w_payload" : 952.543
			},
		"PropulsionInputs" : {
			"num_eng" : 2,
			"SFCc" : 0.000111111,
			"SFCl" : 0.000111111
			},
		"AeroInputs" : {
			"Clmax" : 2.1
			},
		"Sizing" : {
			"Thrust" : 3945.15,
			"TOGW_temp" : 3287.62,
			"W0" : 3287.62
			},
		"LayoutOutput" : {
			"df" : 6.096,
			"lf" : 42.1234,
			"crew" : 10,
			"pilots" : 2,
			"flcrew" : 8
			},
		"GeometryOutput" : {
			"b" : 9.99969,
			"MAC" : 1.21724,
			"Sv" : 0.53283,
			"Sh" : 0.720666,
			"Sw" : 11.2226,
			"Swetfus" : 69.93,
			"Sweteng" : 1464.95,
			"Swetwing" : 22.8874,
			"Sweth" : 1.47016,
			"Swetv" : 1.08697,
			"Swetn" : 13.4774,
			"Swet" : 1573.8,
			"b_ht" : 2.14762,
			"b_vt" : 0.832273,
			"MC_ht" : 0.347994,
			"MC_vt" : 0.640454
			},
		"Aero" : {
			"V" : 152.275,
			"h" : 8839.2,
			"cruise" : {
				"Cdo" : {
					"Cdo" : 0.041014,
					"Cd_fuse" : 0.0192014,
					"Cd_wing" : 0.0120924,
					"Cd_ht" : 0.000868667,
					"Cd_vt" : 0.000453846,
					"Cd_nacel" : 0.00507854,
					"Cd_misc" : 0.00331912
					},
				"e0" : 0.584356
				},
			"loiter" : {
				"Cdo" : {
					"Cdo" : 0.0393096,
					"Cd_fuse" : 0.0184801,
					"Cd_wing" : 0.0114665,
					"Cd_ht" : 0.000820144,
					"Cd_vt" : 0.000429437,
					"Cd_nacel" : 0.00484398,
					"Cd_misc" : 0.00326948
					},
				"e0" : 0.584356
				}
			}
		},
	"EmptyWeightOutput" : {
		"fe" : 0.54331,
		"We" : 1786.2
		}
	}
