{
	"Wfuel" : 1365.34,
	"inputs" : {
		"MissionInputs" : {
			"R" : 1.33714e+06,
			"loiter_time" : 2700,
			"pax" : 6
			},
		"PerformanceInputs" : {
			"TW" : 1.2,
			"WS" : 292.946,
			"V" : 206.549,
			"Vlt" : 152.275,
			"nmax" : 1.5,
			"hc" : 11582.4,
			"hlt" : 8839.2,
			"cruiseSpeedOfSound" : 295.063,
			"M" : 0.700018
			},
		"GeometryInputs" : {
			"AR" : 8.91,
			"WingSweep" : 9.519,
			"HtSweep" : 21,
			"VtSweep" : 45,
			"thick2chord" : 0.12,
			"t2c_ht" : 0.14,
			"t2c_vt" : 0.06,
			"TR" : 0.33,
			"FinessRatio" : 6.91,
			"AR_ht" : 6.4,
			"AR_vt" : 1.3,
			"TR_ht" : 0.5,
			"TR_vt" : 0.9346,
			"k" : 6.33984e-06,
			"A_max" : 2.62677,
			"Q_fuse" : 1.4,
			"Q_wing" : 1.2,
			"Q_nacel" : 1.2,
			"Q_ht" : 1.05,
			"Q_vt" : 1.05,
			"upsweep" : 0.0872665,
			"L_nacel" : 3.3,
			"D_nacel" : 1.3
			},
		"PayloadInputs" : {
			"crewnum" : 2,
			"paxweight" : 122.47,
			"crewweight" : 122.47,
			"w_payload" : 979.759
			},
		"PropulsionInputs" : {
			"num_eng" : 2,
			"SFCc" : 0.000194444,
			"SFCl" : 0.000125
			},
		"AeroInputs" : {
			"Clmax" : 2.1
			},
		"Sizing" : {
			"Thrust" : 8231.45,
			"TOGW_temp" : 6859.54,
			"W0" : 6859.54
			},
		"LayoutOutput" : {
			"df" : 1.8288,
			"lf" : 12.637,
			"crew" : 2,
			"pilots" : 2,
			"flcrew" : 0
			},
		"GeometryOutput" : {
			"b" : 14.4442,
			"MAC" : 1.75825,
			"Sv" : 5.35287,
			"Sh" : 7.2399,
			"Sw" : 23.4158,
			"Swetfus" : 69.93,
			"Sweteng" : 20.8472,
			"Swetwing" : 47.7541,
			"Sweth" : 14.7694,
			"Swetv" : 10.9199,
			"Swetn" : 13.4774,
			"Swet" : 177.698,
			"b_ht" : 6.80701,
			"b_vt" : 2.63794,
			"MC_ht" : 1.10299,
			"MC_vt" : 2.02996
			},
		"Aero" : {
			"V" : 152.275,
			"h" : 8839.2,
			"cruise" : {
				"Cdo" : {
					"Cdo" : 0.0314499,
					"Cd_fuse" : 0.0108827,
					"Cd_wing" : 0.0113865,
					"Cd_ht" : 0.0034256,
					"Cd_vt" : 0.00180385,
					"Cd_nacel" : 0.00209685,
					"Cd_misc" : 0.00185443
					},
				"e0" : 0.584356
				},
			"loiter" : {
				"Cdo" : {
					"Cdo" : 0.0300341,
					"Cd_fuse" : 0.0104454,
					"Cd_wing" : 0.0108095,
					"Cd_ht" : 0.00324725,
					"Cd_vt" : 0.00171318,
					"Cd_nacel" : 0.00200556,
					"Cd_misc" : 0.00181319
					},
				"e0" : 0.584356
				}
			}
		},
	"EmptyWeightOutput" : {
		"fe" : 0.658126,
		"We" : 4514.44
		}
	}
